Subject,Start Date,Start Time,End Date,End Time,Description,Location
Job Interview – Quantum AI Solutions,2026-01-03,09:00 AM,2026-01-03,10:30 AM,"Quantum AI Solutions interview for AI Engineer. Responsibilities: developing ML models for automation, integrating AI workflows, collaborating with R&D team. Required: Python, TensorFlow, experience with AI pipelines..","Canberra, ACT, Australia"
Job Interview – RoboTech Innovations,2026-01-03,12:00 PM,2026-01-03,01:30 PM,"RoboTech Innovations interview for Robotics Software Developer. Responsibilities: building autonomous agent software, computer vision integration, real-time data processing. Required: ROS, C++, Python..","Canberra, ACT, Australia"
Gym Workout – Strength & Conditioning,2026-01-03,03:00 PM,2026-01-03,04:30 PM,"Full-body workout focusing on strength, conditioning, and mobility. Includes compound lifts, cardio, and core exercises.","Canberra, ACT, Australia Gym"
AI Automation Project Work,2026-01-03,05:00 PM,2026-01-03,07:00 PM,"Work on n8n workflow for Google Calendar automation, testing event creation and triggers.","Home Office, Canberra, ACT, Australia"
Social – Networking Dinner with Peers,2026-01-03,08:00 PM,2026-01-03,10:00 PM,Dinner meetup with tech and AI community for networking and idea sharing.,"Canberra, ACT, Australia"
Job Interview – NeuralNet Labs,2026-01-04,09:00 AM,2026-01-04,10:30 AM,"NeuralNet Labs interview for Machine Learning Engineer. Responsibilities: building neural networks for predictive analytics, optimizing ML pipelines. Skills: PyTorch, Python, cloud ML services..","Sydney, NSW, Australia"
Job Interview – Synapse Robotics,2026-01-04,12:00 PM,2026-01-04,01:30 PM,"Synapse Robotics interview for Robotics Software Engineer. Responsibilities: automation scripts, autonomous agent integration, sensor data processing. Skills: ROS, Python, C++..","Sydney, NSW, Australia"
Gym Workout – HIIT & Cardio,2026-01-04,03:00 PM,2026-01-04,04:30 PM,High-intensity interval training and cardio session to boost endurance and energy.,"Sydney, NSW, Australia Gym"
AI Automation Project Work,2026-01-04,05:00 PM,2026-01-04,07:00 PM,"Work on n8n workflow for Google Calendar automation, testing event creation and triggers.","Home Office, Sydney, NSW, Australia"
Social – Movie Night with Friends,2026-01-04,08:00 PM,2026-01-04,10:00 PM,Relaxing movie night with friends to unwind after a busy day.,"Sydney, NSW, Australia"
Job Interview – AI Horizon,2026-01-05,09:00 AM,2026-01-05,10:30 AM,"AI Horizon interview for AI Research Engineer. Responsibilities: NLP model development, automated data pipelines, AI research implementation. Required: Python, NLP, ML experience..","Melbourne, VIC, Australia"
Job Interview – CyberTech Solutions,2026-01-05,12:00 PM,2026-01-05,01:30 PM,"CyberTech Solutions interview for Cybersecurity Automation Engineer. Responsibilities: building AI-based security monitoring, incident automation, threat detection..","Melbourne, VIC, Australia"
Gym Workout – Functional Training,2026-01-05,03:00 PM,2026-01-05,04:30 PM,Functional training session with bodyweight and free weight exercises to improve flexibility and strength.,"Melbourne, VIC, Australia Gym"
AI Automation Project Work,2026-01-05,05:00 PM,2026-01-05,07:00 PM,"Work on n8n workflow for Google Calendar automation, testing event creation and triggers.","Home Office, Melbourne, VIC, Australia"
Social – Coffee Meetup with Colleagues,2026-01-05,08:00 PM,2026-01-05,10:00 PM,Casual coffee meetup to discuss projects and networking.,"Melbourne, VIC, Australia"
Job Interview – DeepVision Tech,2026-01-06,09:00 AM,2026-01-06,10:30 AM,"DeepVision Tech interview for Computer Vision Engineer. Responsibilities: image processing, object detection models, real-time analytics..","Brisbane, QLD, Australia"
Job Interview – Automata Labs,2026-01-06,12:00 PM,2026-01-06,01:30 PM,"Automata Labs interview for Robotics AI Developer. Responsibilities: AI algorithms for autonomous robots, workflow automation, sensor integration..","Brisbane, QLD, Australia"
Gym Workout – Strength & Mobility,2026-01-06,03:00 PM,2026-01-06,04:30 PM,"Strength and mobility workout focusing on compound lifts, stretching, and recovery.","Brisbane, QLD, Australia Gym"
AI Automation Project Work,2026-01-06,05:00 PM,2026-01-06,07:00 PM,"Work on n8n workflow for Google Calendar automation, testing event creation and triggers.","Home Office, Brisbane, QLD, Australia"
Social – Dinner with Friends,2026-01-06,08:00 PM,2026-01-06,10:00 PM,Dinner at a local restaurant to catch up with friends and relax.,"Brisbane, QLD, Australia"
